{
  "a-10_snd": {"category": "master","sounds": ["mcheli:a-10_snd"]},
  "a10gau8_snd": {"category": "master","sounds": ["mcheli:a10gau8_snd"]},
  "alert": {"category": "master","sounds": ["mcheli:alert"]},
  "boat": {"category": "master","sounds": ["mcheli:boat"]},
  "bomb_snd": {"category": "master","sounds": ["mcheli:bomb_snd"]},
  "cannon_1_snd": {"category": "master","sounds": ["mcheli:cannon_1_snd"]},
  "cannon_2_snd": {"category": "master","sounds": ["mcheli:cannon_2_snd"]},
  "cannon_3_snd": {"category": "master","sounds": ["mcheli:cannon_3_snd"]},
  "cannon_4_snd": {"category": "master","sounds": ["mcheli:cannon_4_snd"]},
  "chain": {"category": "master","sounds": ["mcheli:chain"]},
  "chain_ct": {"category": "master","sounds": ["mcheli:chain_ct"]},
  "eject_seat": {"category": "master","sounds": ["mcheli:eject_seat"]},
  "fim92_reload": {"category": "master","sounds": ["mcheli:fim92_reload"]},
  "fim92_snd": {"category": "master","sounds": ["mcheli:fim92_snd"]},
  "gau-8_snd": {"category": "master","sounds": ["mcheli:gau-8_snd"]},
  "gltd": {"category": "master","sounds": ["mcheli:gltd"]},
  "gun_h1_snd": {"category": "master","sounds": ["mcheli:gun_h1_snd"]},
  "gun_h2_snd": {"category": "master","sounds": ["mcheli:gun_h2_snd"]},
  "gun_h3_snd": {"category": "master","sounds": ["mcheli:gun_h3_snd"]},
  "gun_h4_snd": {"category": "master","sounds": ["mcheli:gun_h4_snd"]},
  "gun_h5_snd": {"category": "master","sounds": ["mcheli:gun_h5_snd"]},
  "gun_h6_snd": {"category": "master","sounds": ["mcheli:gun_h6_snd"]},
  "gun_h7_snd": {"category": "master","sounds": ["mcheli:gun_h7_snd"]},
  "gun_l1_snd": {"category": "master","sounds": ["mcheli:gun_l1_snd"]},
  "gun_l2_snd": {"category": "master","sounds": ["mcheli:gun_l2_snd"]},
  "gun_l3_snd": {"category": "master","sounds": ["mcheli:gun_l3_snd"]},
  "gun_l4_snd": {"category": "master","sounds": ["mcheli:gun_l4_snd"]},
  "hawk_snd": {"category": "master","sounds": ["mcheli:hawk_snd"]},
  "heli": {"category": "master","sounds": ["mcheli:heli"]},
  "helidmg": {"category": "master","sounds": ["mcheli:helidmg"]},
  "heli_k": {"category": "master","sounds": ["mcheli:heli_k"]},
  "hit": {"category": "master","sounds": ["mcheli:hit"]},
  "locked": {"category": "master","sounds": ["mcheli:locked"]},
  "lockon": {"category": "master","sounds": ["mcheli:lockon"]},
  "mbtrun": {"category": "master","sounds": ["mcheli:mbtrun"]},
  "mbt_run": {"category": "master","sounds": ["mcheli:mbt_run"]},
  "missile_1_snd": {"category": "master","sounds": ["mcheli:missile_1_snd"]},
  "missile_2_snd": {"category": "master","sounds": ["mcheli:missile_2_snd"]},
  "missile_3_snd": {"category": "master","sounds": ["mcheli:missile_3_snd"]},
  "missile_4_snd": {"category": "master","sounds": ["mcheli:missile_4_snd"]},
  "mk19_l_snd": {"category": "master","sounds": ["mcheli:mk19_l_snd"]},
  "mk19_r_snd": {"category": "master","sounds": ["mcheli:mk19_r_snd"]},
  "mw-1_snd": {"category": "master","sounds": ["mcheli:mw-1_snd"]},
  "ng": {"category": "master","sounds": ["mcheli:ng"]},
  "pi": {"category": "master","sounds": ["mcheli:pi"]},
  "plane": {"category": "master","sounds": ["mcheli:plane"]},
  "plane_cc": {"category": "master","sounds": ["mcheli:plane_cc"]},
  "plane_cv": {"category": "master","sounds": ["mcheli:plane_cv"]},
  "plastic_bomb_snd": {"category": "master","sounds": ["mcheli:plastic_bomb_snd"]},
  "prop": {"category": "master","sounds": ["mcheli:prop"]},
  "r44_heli": {"category": "master","sounds": ["mcheli:r44_heli"]},
  "radicon_heli": {"category": "master","sounds": ["mcheli:radicon_heli"]},
  "rocket": {"category": "master","sounds": ["mcheli:rocket"]},
  "rocket_snd": {"category": "master","sounds": ["mcheli:rocket_snd"]},
  "rr_griffon": {"category": "master","sounds": ["mcheli:rr_griffon"]},
  "rr_merlin": {"category": "master","sounds": ["mcheli:rr_merlin"]},
  "sa-2_snd": {"category": "master","sounds": ["mcheli:sa-2_snd"]},
  "smoke_snd": {"category": "master","sounds": ["mcheli:smoke_snd"]},
  "tank": {"category": "master","sounds": ["mcheli:tank"]},
  "tank_gte": {"category": "master","sounds": ["mcheli:tank_gte"]},
  "turboprop": {"category": "master","sounds": ["mcheli:turboprop"]},
  "vehicle_drive": {"category": "master","sounds": ["mcheli:vehicle_drive"]},
  "vehicle_run": {"category": "master","sounds": ["mcheli:vehicle_run"]},
  "wrench": {"category": "master","sounds": ["mcheli:wrench1","mcheli:wrench2","mcheli:wrench3"]},
  "xm301_snd": {"category": "master","sounds": ["mcheli:xm301_snd"]},
  "zoom": {"category": "master","sounds": ["mcheli:zoom"]}
}

